DayOfWeek,n_before,n_after,mean_before,mean_after,pct_change,p_value,significance
Monday,34,57,24.439132352941176,24.020175438596493,-1.7142871861989937,0.8322585146112608,NA
Tuesday,34,57,24.70244117647059,22.72115789473684,-8.020597104471392,0.31495434411548773,NA
Wednesday,35,57,23.446471428571428,23.306315789473683,-0.5977685790577187,0.947261399778217,NA
Thursday,35,57,23.920057142857143,23.399859649122806,-2.174733490925939,0.8103566347027314,NA
Saturday,34,57,25.695588235294117,26.950508771929822,4.8837976587436724,0.5064127616496992,NA
